FName,LName,Email,About
Mohammed,Farhaz,farhaz171717@gmail.com,good
Suresh,prabhu,suresh@gmail.com,good
Farhaz,Koya,1717@gmail.com,good
Farhaz,Koya,1717@gmail.com,good
&lt;b&gt;Farhaz&lt;/b&gt;,,,
&lt;h2&gt;Farhaz&lt;/h2&gt;,,,
&lt;h3&gt;fawaz&lt;/h3&gt;,Mohd,1717@gmail.com,hello
Rahu,Farhaz,farhaz171717@gmail.com,hello
Rahu,Farhaz,farhaz171717@gmail.com,hello
,Sachin,,
,sehwag,,
,,a@b,
,,,
,,,good
Mohammed,Farhaz,farhaz171717@gmail.com,
,,,
Mohammed,Farhaz,farhaz171717@gmail.com,
Mohammed,Farhaz,farhaz171717@gmail.com,good
Mohammed,Farhaz,farhaz171717@gmail.com,good
Mohammed,Farhaz,farhaz171717@gmail.com,good
f,w,fa@g.com,hhe
f,w,fa@g.com,hhe
